 , , , , , ,Totals:," $171,331.39 ",685.32556
MSFT,9/4/2018 6:45,226,110.26,buy,currentHigh*0.97: 107.71849999999999, , nan ,nan
MSFT,9/5/2018 6:45,226,110.95,sell,currentHigh*0.97: 108.4751, , $155.94 ,0.63%
MSFT,9/10/2018 6:30,231,108.85,buy,currentHigh*0.97: 105.4293, , nan ,nan
MSFT,9/17/2018 7:45,231,112.96,sell,currentHigh*0.97: 110.2308, , $949.41 ,3.78%
MSFT,9/18/2018 9:00,229,113.54,buy,currentHigh*0.97: 109.9883, , nan ,nan
MSFT,9/19/2018 6:30,229,113.05,sell,currentHigh*0.97: 110.2405, , $(112.21),-0.43%
MSFT,9/20/2018 7:00,229,113.15,buy,currentHigh*0.97: 110.0368, , nan ,nan
MSFT,9/24/2018 6:30,229,113.03,sell,currentHigh*0.97: 111.3657, , $(27.48),-0.11%
MSFT,9/24/2018 7:15,227,113.99,buy,currentHigh*0.97: 110.4151, , nan ,nan
MSFT,9/28/2018 7:00,227,114,sell,currentHigh*0.97: 111.5306, , $2.27 ,0.01%
MSFT,10/1/2018 8:00,224,115.48,buy,currentHigh*0.97: 112.0156, , nan ,nan
MSFT,10/4/2018 6:30,224,114.68,sell,currentHigh*0.97: 112.66550000000001, , $(179.20),-0.69%
MSFT,10/5/2018 11:30,229,112.47,buy,currentHigh*0.97: 109.0668, , nan ,nan
MSFT,10/8/2018 8:00,229,111.5,sell,currentHigh*0.97: 109.2123, , $(222.13),-0.86%
MSFT,10/8/2018 11:45,230,111.1,buy,currentHigh*0.97: 107.58269999999999, , nan ,nan
MSFT,10/9/2018 10:30,230,112.11,sell,currentHigh*0.97: 109.5809, , $232.30 ,0.91%
MSFT,10/11/2018 7:00,238,108.12,buy,currentHigh*0.97: 103.8676, , nan ,nan
MSFT,10/11/2018 9:45,238,107.85,sell,currentHigh*0.97: 105.44869999999999, , $(64.26),-0.25%
MSFT,10/11/2018 12:00,243,105.8,buy,currentHigh*0.97: 103.5281, , nan ,nan
MSFT,10/11/2018 12:45,243,106.6,sell,currentHigh*0.97: 103.7803, , $194.40 ,0.76%
MSFT,10/12/2018 6:30,237,109.02,buy,currentHigh*0.97: 104.5466, , nan ,nan
MSFT,10/12/2018 9:30,237,107.94,sell,currentHigh*0.97: 105.633, , $(255.96),-0.99%
MSFT,10/12/2018 12:15,235,108.87,buy,currentHigh*0.97: 105.9143, , nan ,nan
MSFT,10/15/2018 6:30,235,108.93,sell,currentHigh*0.97: 106.2538, , $14.10 ,0.06%
MSFT,10/15/2018 8:15,235,108.96,buy,currentHigh*0.97: 106.11800000000001, , nan ,nan
MSFT,10/15/2018 9:00,235,108.31,sell,currentHigh*0.97: 106.11800000000001, , $(152.75),-0.60%
MSFT,10/16/2018 6:30,233,109.54,buy,currentHigh*0.97: 106.3993, , nan ,nan
MSFT,10/17/2018 7:30,233,110.14,sell,currentHigh*0.97: 107.7282, , $139.80 ,0.55%
MSFT,10/19/2018 6:30,234,109.51,buy,currentHigh*0.97: 106.9619, , nan ,nan
MSFT,10/19/2018 9:15,234,109.62,sell,currentHigh*0.97: 107.2723, , $25.74 ,0.10%
MSFT,10/22/2018 7:45,233,109.89,buy,currentHigh*0.97: 106.9619, , nan ,nan
MSFT,10/22/2018 9:00,233,109.67,sell,currentHigh*0.97: 106.9619, , $(51.26),-0.20%
MSFT,10/23/2018 9:30,240,106.79,buy,currentHigh*0.97: 104.1974, , nan ,nan
MSFT,10/24/2018 6:30,240,108.4,sell,currentHigh*0.97: 105.44869999999999, , $386.40 ,1.51%
MSFT,10/25/2018 6:30,244,106.62,buy,currentHigh*0.97: 104.2653, , nan ,nan
MSFT,10/25/2018 9:00,244,107.73,sell,currentHigh*0.97: 105.3711, , $270.84 ,1.04%
MSFT,10/25/2018 11:45,241,108.78,buy,currentHigh*0.97: 105.4972, , nan ,nan
MSFT,10/26/2018 6:30,241,105.55,sell,currentHigh*0.97: 105.7106, , $(778.43),-2.97%
MSFT,10/26/2018 6:45,238,107.17,buy,currentHigh*0.97: 103.56689999999999, , nan ,nan
MSFT,10/26/2018 7:15,238,105.8,sell,currentHigh*0.97: 103.56689999999999, , $(326.06),-1.28%
MSFT,10/26/2018 9:00,235,106.84,buy,currentHigh*0.97: 103.8773, , nan ,nan
MSFT,10/26/2018 11:00,235,107.5,sell,currentHigh*0.97: 105.2256, , $155.10 ,0.62%
MSFT,10/29/2018 6:30,234,108.01,buy,currentHigh*0.97: 104.7891, , nan ,nan
MSFT,10/29/2018 8:00,234,107.04,sell,currentHigh*0.97: 104.7891, , $(226.98),-0.90%
MSFT,10/30/2018 6:30,242,103.66,buy,currentHigh*0.97: 100.1816, , nan ,nan
MSFT,10/30/2018 7:30,242,103.32,sell,currentHigh*0.97: 100.8994, , $(82.28),-0.33%
MSFT,10/30/2018 11:00,246,101.63,buy,currentHigh*0.97: 98.62960000000001, , nan ,nan
MSFT,10/31/2018 12:45,246,107.17,sell,currentHigh*0.97: 104.6533, ," $1,362.84 ",5.45%
MSFT,11/2/2018 6:45,246,107.27,buy,currentHigh*0.97: 103.37289999999999, , nan ,nan
MSFT,11/2/2018 9:45,246,105.69,sell,currentHigh*0.97: 103.37289999999999, , $(388.68),-1.47%
MSFT,11/5/2018 8:00,243,106.97,buy,currentHigh*0.97: 103.4796, , nan ,nan
MSFT,11/6/2018 7:45,243,107.66,sell,currentHigh*0.97: 105.3517, , $167.67 ,0.65%
MSFT,11/7/2018 6:30,239,109.44,buy,currentHigh*0.97: 107.3499, , nan ,nan
MSFT,11/8/2018 10:15,239,111.23,sell,currentHigh*0.97: 108.8146, , $427.81 ,1.64%
MSFT,11/13/2018 6:45,246,107.95,buy,currentHigh*0.97: 104.53689999999999, , nan ,nan
MSFT,11/13/2018 11:30,246,107.37,sell,currentHigh*0.97: 105.1383, , $(142.68),-0.54%
MSFT,11/14/2018 12:00,248,106.42,buy,currentHigh*0.97: 103.30499999999999, , nan ,nan
MSFT,11/14/2018 12:45,248,105.57,sell,currentHigh*0.97: 103.30499999999999, , $(210.80),-0.80%
MSFT,11/15/2018 8:30,248,105.52,buy,currentHigh*0.97: 102.17009999999999, , nan ,nan
MSFT,11/19/2018 6:45,248,107.72,sell,currentHigh*0.97: 105.4196, , $545.60 ,2.08%
MSFT,11/20/2018 7:30,265,100.92,buy,currentHigh*0.97: 99.2213, , nan ,nan
MSFT,11/20/2018 10:45,265,101.64,sell,currentHigh*0.97: 99.5317, , $190.80 ,0.71%
MSFT,11/21/2018 6:30,260,103.6,buy,currentHigh*0.97: 99.9488, , nan ,nan
MSFT,11/21/2018 12:30,260,103.63,sell,currentHigh*0.97: 101.25829999999999, , $7.80 ,0.03%
MSFT,11/23/2018 7:00,260,103.56,buy,currentHigh*0.97: 100.3659, , nan ,nan
MSFT,11/29/2018 7:15,260,110.54,sell,currentHigh*0.97: 107.77669999999999, ," $1,814.80 ",6.74%
MSFT,11/29/2018 11:30,259,110.86,buy,currentHigh*0.97: 107.476, , nan ,nan
MSFT,11/30/2018 9:30,259,109.96,sell,currentHigh*0.97: 107.6991, , $(233.10),-0.81%
MSFT,12/3/2018 6:30,252,113.09,buy,currentHigh*0.97: 109.3481, , nan ,nan
MSFT,12/3/2018 7:45,252,111.71,sell,currentHigh*0.97: 109.3481, , $(347.76),-1.22%
MSFT,12/4/2018 7:30,250,112.62,buy,currentHigh*0.97: 108.737, , nan ,nan
MSFT,12/4/2018 9:00,250,111.67,sell,currentHigh*0.97: 108.834, , $(237.50),-0.84%
MSFT,12/6/2018 6:45,260,107.32,buy,currentHigh*0.97: 103.1983, , nan ,nan
MSFT,12/6/2018 8:15,260,105.86,sell,currentHigh*0.97: 103.62509999999999, , $(379.60),-1.36%
MSFT,12/6/2018 9:00,258,107,buy,currentHigh*0.97: 103.7803, , nan ,nan
MSFT,12/7/2018 7:30,258,108.26,sell,currentHigh*0.97: 105.924, , $325.08 ,1.18%
MSFT,12/10/2018 6:45,262,106.41,buy,currentHigh*0.97: 101.93730000000001, , nan ,nan
MSFT,12/10/2018 7:30,262,105.64,sell,currentHigh*0.97: 102.9752, , $(201.74),-0.72%
MSFT,12/10/2018 10:00,262,105.86,buy,currentHigh*0.97: 102.8588, , nan ,nan
MSFT,12/11/2018 8:00,262,109.83,sell,currentHigh*0.97: 107.4081, ," $1,040.14 ",3.75%
MSFT,12/11/2018 12:15,263,109.37,buy,currentHigh*0.97: 105.8367, , nan ,nan
MSFT,12/12/2018 11:00,263,110.28,sell,currentHigh*0.97: 107.77669999999999, , $239.33 ,0.83%
MSFT,12/13/2018 7:15,262,110.69,buy,currentHigh*0.97: 106.7291, , nan ,nan
MSFT,12/13/2018 9:15,262,109.01,sell,currentHigh*0.97: 106.7291, , $(440.16),-1.52%
MSFT,12/17/2018 9:15,270,105.66,buy,currentHigh*0.97: 102.17009999999999, , nan ,nan
MSFT,12/17/2018 10:00,270,104.32,sell,currentHigh*0.97: 102.17009999999999, , $(361.80),-1.27%
MSFT,12/18/2018 6:30,271,103.77,buy,currentHigh*0.97: 100.4047, , nan ,nan
MSFT,12/18/2018 12:00,271,103.15,sell,currentHigh*0.97: 100.9867, , $(168.02),-0.60%
MSFT,12/19/2018 6:45,268,104.34,buy,currentHigh*0.97: 101.753, , nan ,nan
MSFT,12/19/2018 11:00,268,106.69,sell,currentHigh*0.97: 103.4893, , $629.80 ,2.25%
MSFT,12/19/2018 12:15,278,103.08,buy,currentHigh*0.97: 99.7451, , nan ,nan
MSFT,12/20/2018 7:45,278,103.38,sell,currentHigh*0.97: 100.57929999999999, , $83.40 ,0.29%
MSFT,12/20/2018 9:00,286,100.35,buy,currentHigh*0.97: 97.03880000000001, , nan ,nan
MSFT,12/20/2018 11:00,286,100.53,sell,currentHigh*0.97: 98.2222, , $51.48 ,0.18%
MSFT,12/20/2018 11:30,285,101.11,buy,currentHigh*0.97: 99.1437, , nan ,nan
MSFT,12/21/2018 6:30,285,102.38,sell,currentHigh*0.97: 99.1437, , $361.95 ,1.26%
MSFT,12/21/2018 7:15,286,101.82,buy,currentHigh*0.97: 99.03699999999999, , nan ,nan
MSFT,12/21/2018 8:00,286,101.58,sell,currentHigh*0.97: 99.03699999999999, , $(68.64),-0.24%
MSFT,12/21/2018 9:45,291,99.72,buy,currentHigh*0.97: 96.4665, , nan ,nan
MSFT,12/21/2018 11:30,291,99.31,sell,currentHigh*0.97: 97.0291, , $(119.31),-0.41%
MSFT,12/24/2018 7:15,301,96.15,buy,currentHigh*0.97: 93.6535, , nan ,nan
MSFT,12/24/2018 8:00,301,96.77,sell,currentHigh*0.97: 94.3907, , $186.62 ,0.64%
MSFT,12/26/2018 6:45,302,96.4,buy,currentHigh*0.97: 92.7902, , nan ,nan
MSFT,12/27/2018 6:30,302,99.25,sell,currentHigh*0.97: 97.66929999999999, , $860.70 ,2.96%
MSFT,12/27/2018 12:00,305,98.26,buy,currentHigh*0.97: 95.7778, , nan ,nan
MSFT,12/28/2018 7:15,305,100.64,sell,currentHigh*0.97: 98.358, , $725.90 ,2.42%
MSFT,12/28/2018 11:15,303,101.48,buy,currentHigh*0.97: 98.2707, , nan ,nan
MSFT,12/28/2018 12:15,303,101.71,sell,currentHigh*0.97: 99.0564, , $69.69 ,0.23%
MSFT,12/31/2018 8:15,303,101.56,buy,currentHigh*0.97: 98.2028, , nan ,nan
MSFT,12/31/2018 11:15,303,101.43,sell,currentHigh*0.97: 99.328, , $(39.39),-0.13%
MSFT,1/2/2019 7:45,306,100.65,buy,currentHigh*0.97: 97.69839999999999, , nan ,nan
MSFT,1/2/2019 12:15,306,100.89,sell,currentHigh*0.97: 98.66839999999999, , $73.44 ,0.24%
MSFT,1/3/2019 8:45,310,99.43,buy,currentHigh*0.97: 96.10759999999999, , nan ,nan
MSFT,1/3/2019 10:45,310,98.43,sell,currentHigh*0.97: 96.224, , $(310.00),-1.01%
MSFT,1/4/2019 6:30,306,99.69,buy,currentHigh*0.97: 96.8739, , nan ,nan
MSFT,1/7/2019 11:45,306,102.29,sell,currentHigh*0.97: 100.08460000000001, , $795.60 ,2.61%
MSFT,1/8/2019 6:45,302,103.8,buy,currentHigh*0.97: 99.9682, , nan ,nan
MSFT,1/8/2019 7:45,302,102.3,sell,currentHigh*0.97: 99.9682, , $(453.00),-1.45%
MSFT,1/9/2019 6:30,297,103.86,buy,currentHigh*0.97: 100.8509, , nan ,nan
MSFT,1/10/2019 6:30,297,103.25,sell,currentHigh*0.97: 101.5299, , $(181.17),-0.59%
MSFT,1/15/2019 6:45,295,103.93,buy,currentHigh*0.97: 101.32619999999999, , nan ,nan
MSFT,1/22/2019 7:00,295,106.95,sell,currentHigh*0.97: 104.6533, , $890.90 ,2.91%
MSFT,1/23/2019 7:00,296,106.74,buy,currentHigh*0.97: 103.5766, , nan ,nan
MSFT,1/23/2019 8:45,296,106.01,sell,currentHigh*0.97: 103.5766, , $(216.08),-0.68%
MSFT,1/25/2019 6:30,292,107.24,buy,currentHigh*0.97: 103.4602, , nan ,nan
MSFT,1/28/2019 6:30,292,106.3,sell,currentHigh*0.97: 104.5757, , $(274.48),-0.88%
MSFT,1/30/2019 6:30,297,104.61,buy,currentHigh*0.97: 101.4232, , nan ,nan
MSFT,1/31/2019 6:30,297,103.78,sell,currentHigh*0.97: 103.1886, , $(246.51),-0.79%
MSFT,1/31/2019 9:00,294,104.82,buy,currentHigh*0.97: 101.7336, , nan ,nan
MSFT,1/31/2019 12:00,294,104.14,sell,currentHigh*0.97: 102.0149, , $(199.92),-0.65%
MSFT,2/4/2019 7:00,294,104.22,buy,currentHigh*0.97: 101.48140000000001, , nan ,nan
MSFT,2/6/2019 7:00,294,106.25,sell,currentHigh*0.97: 104.0131, , $596.82 ,1.95%
MSFT,2/11/2019 6:30,294,106.06,buy,currentHigh*0.97: 103.0431, , nan ,nan
MSFT,2/11/2019 11:45,294,105.25,sell,currentHigh*0.97: 103.0431, , $(238.14),-0.76%
MSFT,2/12/2019 8:00,290,106.97,buy,currentHigh*0.97: 103.7221, , nan ,nan
MSFT,2/14/2019 6:30,290,106.31,sell,currentHigh*0.97: 104.2362, , $(191.40),-0.62%
MSFT,2/15/2019 6:30,286,107.81,buy,currentHigh*0.97: 104.7406, , nan ,nan
MSFT,2/20/2019 6:30,286,107.86,sell,currentHigh*0.97: 105.3711, , $14.30 ,0.05%
MSFT,2/21/2019 7:45,285,108.05,buy,currentHigh*0.97: 105.2256, , nan ,nan
MSFT,2/27/2019 6:30,285,111.68,sell,currentHigh*0.97: 109.7555, ," $1,034.55 ",3.36%
MSFT,2/28/2019 9:30,283,112.55,buy,currentHigh*0.97: 109.1541, , nan ,nan
MSFT,3/4/2019 8:15,283,112.09,sell,currentHigh*0.97: 109.7652, , $(130.18),-0.41%
MSFT,3/6/2019 7:00,282,112.55,buy,currentHigh*0.97: 109.125, , nan ,nan
MSFT,3/7/2019 6:30,282,111.37,sell,currentHigh*0.97: 109.125, , $(332.76),-1.05%
MSFT,3/11/2019 6:30,283,110.99,buy,currentHigh*0.97: 108.5624, , nan ,nan
MSFT,3/15/2019 12:45,283,116.63,sell,currentHigh*0.97: 113.63550000000001, ," $1,596.12 ",5.08%
MSFT,3/18/2019 6:45,283,116.68,buy,currentHigh*0.97: 113.4609, , nan ,nan
MSFT,3/22/2019 6:30,283,119.5,sell,currentHigh*0.97: 117.0208, , $798.06 ,2.42%
MSFT,3/26/2019 6:30,285,118.38,buy,currentHigh*0.97: 114.52789999999999, , nan ,nan
MSFT,3/26/2019 9:30,285,117.48,sell,currentHigh*0.97: 114.97409999999999, , $(256.50),-0.76%
MSFT,3/28/2019 6:30,285,117.39,buy,currentHigh*0.97: 113.5385, , nan ,nan
MSFT,4/4/2019 7:45,285,119.21,sell,currentHigh*0.97: 116.66189999999999, , $518.70 ,1.55%
MSFT,4/5/2019 7:15,283,120.17,buy,currentHigh*0.97: 116.3806, , nan ,nan
MSFT,5/1/2019 11:30,283,129.39,sell,currentHigh*0.97: 126.67229999999999, ," $2,609.26 ",7.67%
MSFT,5/3/2019 6:45,288,127.41,buy,currentHigh*0.97: 124.0339, , nan ,nan
MSFT,5/6/2019 6:30,288,126.42,sell,currentHigh*0.97: 125.41129999999998, , $(285.12),-0.78%
MSFT,5/6/2019 11:45,283,128.37,buy,currentHigh*0.97: 124.6062, , nan ,nan
MSFT,5/7/2019 6:30,283,126.57,sell,currentHigh*0.97: 124.6062, , $(509.40),-1.40%
MSFT,5/8/2019 10:00,284,126.19,buy,currentHigh*0.97: 122.22970000000001, , nan ,nan
MSFT,5/9/2019 6:30,284,124.29,sell,currentHigh*0.97: 122.5498, , $(539.60),-1.51%
MSFT,5/10/2019 6:45,281,125.69,buy,currentHigh*0.97: 121.52159999999999, , nan ,nan
MSFT,5/13/2019 6:30,281,124.14,sell,currentHigh*0.97: 123.966, , $(435.55),-1.23%
MSFT,5/14/2019 7:30,279,124.91,buy,currentHigh*0.97: 121.153, , nan ,nan
MSFT,5/15/2019 6:30,279,123.94,sell,currentHigh*0.97: 121.832, , $(270.63),-0.78%
MSFT,5/15/2019 7:30,275,125.59,buy,currentHigh*0.97: 122.0163, , nan ,nan
MSFT,5/17/2019 9:00,275,129.27,sell,currentHigh*0.97: 126.4686, ," $1,012.00 ",2.93%
MSFT,5/22/2019 11:00,279,127.78,buy,currentHigh*0.97: 123.9563, , nan ,nan
MSFT,5/23/2019 6:30,279,126.27,sell,currentHigh*0.97: 124.28609999999999, , $(421.29),-1.18%
MSFT,5/24/2019 6:30,277,126.93,buy,currentHigh*0.97: 123.481, , nan ,nan
MSFT,5/28/2019 12:15,277,126.7,sell,currentHigh*0.97: 124.063, , $(63.71),-0.18%
MSFT,6/4/2019 6:30,290,121.27,buy,currentHigh*0.97: 117.14689999999999, , nan ,nan
MSFT,6/10/2019 12:15,290,132.79,sell,currentHigh*0.97: 130.0091, ," $3,340.80 ",9.50%
MSFT,6/14/2019 9:45,290,132.7,buy,currentHigh*0.97: 128.79659999999998, , nan ,nan
MSFT,6/20/2019 9:00,290,136.69,sell,currentHigh*0.97: 133.36530000000002, ," $1,157.10 ",3.01%
MSFT,6/24/2019 8:15,287,137.98,buy,currentHigh*0.97: 133.8212, , nan ,nan
MSFT,6/25/2019 6:30,287,137.37,sell,currentHigh*0.97: 134.1607, , $(175.07),-0.44%
MSFT,6/26/2019 6:45,291,135.37,buy,currentHigh*0.97: 131.4641, , nan ,nan
MSFT,6/26/2019 10:30,291,134.36,sell,currentHigh*0.97: 131.4641, , $(293.91),-0.75%
MSFT,7/1/2019 6:30,287,136.49,buy,currentHigh*0.97: 131.9685, , nan ,nan
MSFT,7/5/2019 6:45,287,136.57,sell,currentHigh*0.97: 133.41379999999998, , $22.96 ,0.06%
MSFT,7/10/2019 6:45,284,137.78,buy,currentHigh*0.97: 134.08309999999997, , nan ,nan
MSFT,7/16/2019 7:00,284,138.51,sell,currentHigh*0.97: 134.99489999999997, , $207.32 ,0.53%
MSFT,7/19/2019 6:30,281,140.21,buy,currentHigh*0.97: 134.9173, , nan ,nan
MSFT,7/19/2019 10:45,281,137.95,sell,currentHigh*0.97: 135.1598, , $(635.06),-1.61%
MSFT,7/22/2019 7:00,279,138.67,buy,currentHigh*0.97: 134.733, , nan ,nan
MSFT,7/29/2019 6:45,279,140.21,sell,currentHigh*0.97: 137.3326, , $429.66 ,1.11%
MSFT,7/31/2019 12:15,285,137.2,buy,currentHigh*0.97: 133.1325, , nan ,nan
MSFT,8/1/2019 10:30,285,139.63,sell,currentHigh*0.97: 136.56629999999998, , $692.55 ,1.77%
MSFT,8/6/2019 6:30,298,133.82,buy,currentHigh*0.97: 130.5135, , nan ,nan
MSFT,8/6/2019 9:15,298,134.04,sell,currentHigh*0.97: 130.7754, , $65.56 ,0.16%
MSFT,8/7/2019 7:30,298,133.98,buy,currentHigh*0.97: 130.17399999999998, , nan ,nan
MSFT,8/7/2019 9:15,298,133.6,sell,currentHigh*0.97: 130.7172, , $(113.24),-0.28%
MSFT,8/7/2019 11:45,294,135.27,buy,currentHigh*0.97: 131.41559999999998, , nan ,nan
MSFT,8/9/2019 7:30,294,137.58,sell,currentHigh*0.97: 134.74269999999999, , $679.14 ,1.71%
MSFT,8/13/2019 7:00,292,138.52,buy,currentHigh*0.97: 133.91819999999998, , nan ,nan
MSFT,8/14/2019 6:30,292,136.25,sell,currentHigh*0.97: 134.5196, , $(662.84),-1.64%
MSFT,8/16/2019 6:30,295,134.96,buy,currentHigh*0.97: 131.0082, , nan ,nan
MSFT,8/22/2019 7:15,295,138.22,sell,currentHigh*0.97: 135.05309999999997, , $961.70 ,2.42%
MSFT,8/26/2019 6:30,302,135.01,buy,currentHigh*0.97: 130.4068, , nan ,nan
MSFT,8/27/2019 9:30,302,135.57,sell,currentHigh*0.97: 132.51170000000002, , $169.12 ,0.41%
MSFT,8/28/2019 12:00,302,135.58,buy,currentHigh*0.97: 131.5514, , nan ,nan
MSFT,8/30/2019 8:00,302,137.68,sell,currentHigh*0.97: 134.33530000000002, , $634.20 ,1.55%
MSFT,9/5/2019 6:30,299,139.09,buy,currentHigh*0.97: 134.8203, , nan ,nan
MSFT,9/9/2019 6:30,299,139.59,sell,currentHigh*0.97: 135.8485, , $149.50 ,0.36%
MSFT,9/12/2019 6:30,303,137.85,buy,currentHigh*0.97: 132.9385, , nan ,nan
MSFT,9/16/2019 6:30,303,135.86,sell,currentHigh*0.97: 134.1898, , $(602.97),-1.44%
MSFT,9/18/2019 8:00,299,137.8,buy,currentHigh*0.97: 133.6563, , nan ,nan
MSFT,9/19/2019 10:00,299,140.66,sell,currentHigh*0.97: 137.71089999999998, , $855.14 ,2.08%
MSFT,9/24/2019 6:30,299,140.35,buy,currentHigh*0.97: 136.1298, , nan ,nan
MSFT,9/24/2019 8:30,299,139.55,sell,currentHigh*0.97: 136.2559, , $(239.20),-0.57%
MSFT,9/25/2019 10:15,302,138.23,buy,currentHigh*0.97: 133.9279, , nan ,nan
MSFT,9/27/2019 8:30,302,139.61,sell,currentHigh*0.97: 135.77089999999998, , $416.76 ,1.00%
MSFT,9/30/2019 8:30,304,138.76,buy,currentHigh*0.97: 134.5778, , nan ,nan
MSFT,10/1/2019 8:00,304,138.73,sell,currentHigh*0.97: 135.9261, , $(9.12),-0.02%
MSFT,10/3/2019 8:15,310,136.14,buy,currentHigh*0.97: 131.9976, , nan ,nan
MSFT,10/8/2019 6:30,310,137.1,sell,currentHigh*0.97: 133.9764, , $297.60 ,0.71%
MSFT,10/9/2019 7:30,308,137.71,buy,currentHigh*0.97: 133.5496, , nan ,nan
MSFT,10/16/2019 6:30,308,140.77,sell,currentHigh*0.97: 137.4296, , $942.48 ,2.22%
MSFT,10/22/2019 6:30,312,138.99,buy,currentHigh*0.97: 135.6351, , nan ,nan
MSFT,10/22/2019 8:15,312,138.5,sell,currentHigh*0.97: 135.6351, , $(152.88),-0.35%
MSFT,10/24/2019 6:30,311,139.19,buy,currentHigh*0.97: 135.30530000000002, , nan ,nan
MSFT,10/29/2019 8:15,311,143.47,sell,currentHigh*0.97: 140.262, ," $1,331.08 ",3.07%
MSFT,11/4/2019 6:30,308,144.83,buy,currentHigh*0.97: 140.1068, , nan ,nan
MSFT,11/20/2019 9:45,308,150.11,sell,currentHigh*0.97: 146.664, ," $1,626.24 ",3.65%
MSFT,11/25/2019 7:45,306,150.77,buy,currentHigh*0.97: 146.2469, , nan ,nan
MSFT,12/2/2019 6:30,306,151.8,sell,currentHigh*0.97: 147.7989, , $315.18 ,0.68%
MSFT,12/3/2019 12:30,312,149.05,buy,currentHigh*0.97: 144.3069, , nan ,nan
MSFT,12/11/2019 6:30,312,151.61,sell,currentHigh*0.97: 147.47879999999998, , $798.72 ,1.72%
MSFT,12/12/2019 7:00,310,152.87,buy,currentHigh*0.97: 148.4682, , nan ,nan
MSFT,12/12/2019 9:15,310,151.9,sell,currentHigh*0.97: 148.7398, , $(300.70),-0.63%
MSFT,12/13/2019 7:30,305,154.18,buy,currentHigh*0.97: 149.5352, , nan ,nan
MSFT,12/30/2019 6:45,305,157.43,sell,currentHigh*0.97: 154.2106, , $991.25 ,2.11%
MSFT,1/2/2020 6:45,301,159.5,buy,currentHigh*0.97: 154.7441, , nan ,nan
MSFT,1/3/2020 12:45,301,159.19,sell,currentHigh*0.97: 155.9081, , $(93.31),-0.19%
MSFT,1/7/2020 6:30,301,159.32,buy,currentHigh*0.97: 153.7256, , nan ,nan
MSFT,1/22/2020 9:15,301,166.27,sell,currentHigh*0.97: 162.863, ," $2,091.95 ",4.36%
MSFT,1/27/2020 7:30,307,162.63,buy,currentHigh*0.97: 157.27579999999998, , nan ,nan
MSFT,1/30/2020 9:30,307,171.5,sell,currentHigh*0.97: 167.8585, ," $2,723.09 ",5.45%
MSFT,2/3/2020 7:00,306,172.23,buy,currentHigh*0.97: 167.81, , nan ,nan
MSFT,2/5/2020 8:15,306,179.94,sell,currentHigh*0.97: 176.2102, ," $2,359.26 ",4.48%
MSFT,2/6/2020 7:00,303,181.94,buy,currentHigh*0.97: 176.5303, , nan ,nan
MSFT,2/7/2020 11:00,303,184.13,sell,currentHigh*0.97: 180.04170000000002, , $663.57 ,1.20%
MSFT,2/10/2020 7:30,299,186.22,buy,currentHigh*0.97: 181.0408, , nan ,nan
MSFT,2/11/2020 6:45,299,189.39,sell,currentHigh*0.97: 183.70829999999998, , $947.83 ,1.70%
MSFT,2/12/2020 9:45,306,185,buy,currentHigh*0.97: 179.2657, , nan ,nan
MSFT,2/13/2020 11:15,306,184.11,sell,currentHigh*0.97: 179.9932, , $(272.34),-0.48%
MSFT,2/18/2020 6:30,304,185.77,buy,currentHigh*0.97: 180.6819, , nan ,nan
MSFT,2/20/2020 8:00,304,186.28,sell,currentHigh*0.97: 182.0399, , $155.04 ,0.27%
MSFT,2/20/2020 10:15,307,184.04,buy,currentHigh*0.97: 178.15019999999998, , nan ,nan
MSFT,2/21/2020 6:30,307,183.17,sell,currentHigh*0.97: 178.9844, , $(267.09),-0.47%
MSFT,2/21/2020 8:15,311,180.91,buy,currentHigh*0.97: 175.1432, , nan ,nan
MSFT,2/21/2020 10:15,311,179.14,sell,currentHigh*0.97: 175.1432, , $(550.47),-0.98%
MSFT,2/24/2020 6:45,323,172.61,buy,currentHigh*0.97: 169.0128, , nan ,nan
MSFT,2/24/2020 7:15,323,174.46,sell,currentHigh*0.97: 169.2068, , $597.55 ,1.07%
MSFT,2/24/2020 12:00,324,173.84,buy,currentHigh*0.97: 168.004, , nan ,nan
MSFT,2/24/2020 12:45,324,171.97,sell,currentHigh*0.97: 168.004, , $(605.88),-1.08%
MSFT,2/25/2020 6:30,320,174.19,buy,currentHigh*0.97: 167.6839, , nan ,nan
MSFT,2/25/2020 7:45,320,172.71,sell,currentHigh*0.97: 168.198, , $(473.60),-0.85%
MSFT,2/26/2020 6:45,321,172.14,buy,currentHigh*0.97: 166.0737, , nan ,nan
MSFT,2/26/2020 9:00,321,171.41,sell,currentHigh*0.97: 167.6742, , $(234.33),-0.42%
MSFT,2/27/2020 6:45,333,165.47,buy,currentHigh*0.97: 160.99089999999998, , nan ,nan
MSFT,2/27/2020 7:15,333,166.15,sell,currentHigh*0.97: 161.2043, , $226.44 ,0.41%
MSFT,2/27/2020 8:00,335,164.91,buy,currentHigh*0.97: 160.5641, , nan ,nan
MSFT,2/27/2020 8:30,335,164.5,sell,currentHigh*0.97: 160.5641, , $(137.35),-0.25%
MSFT,2/27/2020 9:15,332,165.86,buy,currentHigh*0.97: 160.3895, , nan ,nan
MSFT,2/27/2020 10:30,332,164.81,sell,currentHigh*0.97: 161.2237, , $(348.60),-0.63%
MSFT,2/28/2020 6:45,352,155.57,buy,currentHigh*0.97: 150.059, , nan ,nan
MSFT,2/28/2020 8:45,352,162.73,sell,currentHigh*0.97: 157.8481, ," $2,520.32 ",4.60%
MSFT,2/28/2020 9:30,357,160.74,buy,currentHigh*0.97: 156.2573, , nan ,nan
MSFT,2/28/2020 10:30,357,160.44,sell,currentHigh*0.97: 157.0721, , $(107.10),-0.19%
MSFT,2/28/2020 11:45,355,161.21,buy,currentHigh*0.97: 154.2397, , nan ,nan
MSFT,3/2/2020 7:15,355,164.74,sell,currentHigh*0.97: 160.5641, ," $1,253.15 ",2.19%
MSFT,3/2/2020 8:00,355,164.78,buy,currentHigh*0.97: 161.42739999999998, , nan ,nan
MSFT,3/2/2020 11:15,355,167.57,sell,currentHigh*0.97: 163.5905, , $990.45 ,1.69%
MSFT,3/2/2020 12:15,356,166.97,buy,currentHigh*0.97: 163.057, , nan ,nan
MSFT,3/3/2020 6:30,356,173.71,sell,currentHigh*0.97: 167.6451, ," $2,399.44 ",4.04%
MSFT,3/3/2020 7:30,359,172.02,buy,currentHigh*0.97: 166.9564, , nan ,nan
MSFT,3/3/2020 8:00,359,171.65,sell,currentHigh*0.97: 166.9564, , $(132.83),-0.22%
MSFT,3/3/2020 9:00,363,169.91,buy,currentHigh*0.97: 164.2695, , nan ,nan
MSFT,3/3/2020 10:00,363,168.04,sell,currentHigh*0.97: 164.2695, , $(678.81),-1.10%
MSFT,3/3/2020 12:00,370,164.86,buy,currentHigh*0.97: 161.602, , nan ,nan
MSFT,3/3/2020 12:45,370,165.56,sell,currentHigh*0.97: 161.9124, , $259.00 ,0.42%
MSFT,3/4/2020 6:30,364,168.48,buy,currentHigh*0.97: 162.51379999999997, , nan ,nan
MSFT,3/4/2020 8:30,364,167.5,sell,currentHigh*0.97: 163.4644, , $(356.72),-0.58%
MSFT,3/4/2020 10:15,362,168.24,buy,currentHigh*0.97: 163.0473, , nan ,nan
MSFT,3/5/2020 6:30,362,166.02,sell,currentHigh*0.97: 165.4335, , $(803.64),-1.32%
MSFT,3/5/2020 7:30,357,168.36,buy,currentHigh*0.97: 163.5905, , nan ,nan
MSFT,3/5/2020 8:45,357,168.88,sell,currentHigh*0.97: 165.191, , $185.64 ,0.31%
MSFT,3/6/2020 7:30,373,161.66,buy,currentHigh*0.97: 156.9751, , nan ,nan
MSFT,3/6/2020 9:00,373,160.36,sell,currentHigh*0.97: 156.9751, , $(484.90),-0.80%
MSFT,3/6/2020 12:45,375,159.57,buy,currentHigh*0.97: 156.72289999999998, , nan ,nan
MSFT,3/9/2020 6:30,375,150.52,sell,currentHigh*0.97: 156.72289999999998, ," $(3,393.75)",-5.67%
MSFT,3/9/2020 7:00,364,155.14,buy,currentHigh*0.97: 151.6983, , nan ,nan
MSFT,3/9/2020 7:15,364,156.37,sell,currentHigh*0.97: 151.6983, , $447.72 ,0.79%
MSFT,3/9/2020 8:45,363,156.91,buy,currentHigh*0.97: 151.7953, , nan ,nan
MSFT,3/9/2020 9:30,363,155.78,sell,currentHigh*0.97: 151.8535, , $(410.19),-0.72%
MSFT,3/9/2020 12:30,367,153.73,buy,currentHigh*0.97: 149.6419, , nan ,nan
MSFT,3/9/2020 12:45,367,154.32,sell,currentHigh*0.97: 149.6419, , $216.53 ,0.38%
MSFT,3/10/2020 6:30,359,158.12,buy,currentHigh*0.97: 151.5237, , nan ,nan
MSFT,3/10/2020 7:30,359,157.9,sell,currentHigh*0.97: 154.1039, , $(78.98),-0.14%
MSFT,3/10/2020 9:15,362,156.51,buy,currentHigh*0.97: 150.9999, , nan ,nan
MSFT,3/10/2020 10:45,362,155.56,sell,currentHigh*0.97: 151.5043, , $(343.90),-0.61%
MSFT,3/10/2020 11:45,359,156.94,buy,currentHigh*0.97: 152.4937, , nan ,nan
MSFT,3/11/2020 6:30,359,157.29,sell,currentHigh*0.97: 156.1991, , $125.65 ,0.22%
MSFT,3/11/2020 12:45,365,154.45,buy,currentHigh*0.97: 148.9629, , nan ,nan
MSFT,3/12/2020 6:30,365,145.85,sell,currentHigh*0.97: 148.9629, ," $(3,139.00)",-5.57%
MSFT,3/12/2020 7:00,362,147.25,buy,currentHigh*0.97: 140.5918, , nan ,nan
MSFT,3/12/2020 8:00,362,146.56,sell,currentHigh*0.97: 142.1244, , $(249.78),-0.47%
MSFT,3/12/2020 9:30,369,143.71,buy,currentHigh*0.97: 139.0786, , nan ,nan
MSFT,3/12/2020 10:30,369,148.14,sell,currentHigh*0.97: 143.7055, ," $1,634.67 ",3.08%
MSFT,3/12/2020 11:00,371,147.25,buy,currentHigh*0.97: 140.2717, , nan ,nan
MSFT,3/12/2020 12:00,371,143.24,sell,currentHigh*0.97: 140.2717, ," $(1,487.71)",-2.72%
MSFT,3/12/2020 12:45,371,143.2,buy,currentHigh*0.97: 134.636, , nan ,nan
MSFT,3/13/2020 7:30,371,146.77,sell,currentHigh*0.97: 142.32809999999998, ," $1,324.47 ",2.49%
MSFT,3/13/2020 8:15,375,145.21,buy,currentHigh*0.97: 137.9631, , nan ,nan
MSFT,3/13/2020 11:00,375,146.63,sell,currentHigh*0.97: 142.39600000000002, , $532.50 ,0.98%
MSFT,3/13/2020 12:15,379,145.27,buy,currentHigh*0.97: 141.3775, , nan ,nan
MSFT,3/16/2020 6:30,379,140,sell,currentHigh*0.97: 154.0845, ," $(1,997.33)",-3.63%
MSFT,3/16/2020 7:00,372,142.51,buy,currentHigh*0.97: 138.65179999999998, , nan ,nan
MSFT,3/16/2020 8:30,372,147.98,sell,currentHigh*0.97: 143.51149999999998, ," $2,034.84 ",3.84%
MSFT,3/16/2020 12:00,385,142.89,buy,currentHigh*0.97: 137.0901, , nan ,nan
MSFT,3/16/2020 12:45,385,142.13,sell,currentHigh*0.97: 137.87579999999997, , $(292.60),-0.53%
MSFT,3/17/2020 6:30,391,140.2,buy,currentHigh*0.97: 132.4632, , nan ,nan
MSFT,3/17/2020 8:15,391,145.77,sell,currentHigh*0.97: 141.3775, ," $2,177.87 ",3.97%
MSFT,3/17/2020 9:00,391,145.5,buy,currentHigh*0.97: 142.9586, , nan ,nan
MSFT,3/17/2020 9:15,391,147.4,sell,currentHigh*0.97: 142.9586, , $742.90 ,1.31%
MSFT,3/17/2020 10:45,400,144.19,buy,currentHigh*0.97: 140.262, , nan ,nan
MSFT,3/17/2020 12:00,400,145.53,sell,currentHigh*0.97: 141.5133, , $536.00 ,0.93%
MSFT,3/17/2020 12:15,403,144.43,buy,currentHigh*0.97: 139.44719999999998, , nan ,nan
MSFT,3/18/2020 6:30,403,137.32,sell,currentHigh*0.97: 142.1729, ," $(2,865.33)",-4.92%
MSFT,3/18/2020 6:45,391,141.74,buy,currentHigh*0.97: 138.7779, , nan ,nan
MSFT,3/18/2020 7:45,391,145.28,sell,currentHigh*0.97: 140.9022, ," $1,384.14 ",2.50%
MSFT,3/18/2020 9:00,396,143.33,buy,currentHigh*0.97: 137.8176, , nan ,nan
MSFT,3/18/2020 9:45,396,142.66,sell,currentHigh*0.97: 138.6906, , $(265.32),-0.47%
MSFT,3/18/2020 10:45,407,138.67,buy,currentHigh*0.97: 134.26739999999998, , nan ,nan
MSFT,3/18/2020 11:00,407,138.45,sell,currentHigh*0.97: 134.26739999999998, , $(89.54),-0.16%
MSFT,3/18/2020 12:00,407,138.61,buy,currentHigh*0.97: 134.1898, , nan ,nan
MSFT,3/18/2020 12:15,407,138.34,sell,currentHigh*0.97: 134.1898, , $(109.89),-0.19%
MSFT,3/19/2020 6:30,394,142.68,buy,currentHigh*0.97: 137.1968, , nan ,nan
MSFT,3/19/2020 7:30,394,145.84,sell,currentHigh*0.97: 142.45420000000001, ," $1,245.04 ",2.21%
MSFT,3/19/2020 8:15,397,145,buy,currentHigh*0.97: 141.48420000000002, , nan ,nan
MSFT,3/19/2020 11:15,397,148.18,sell,currentHigh*0.97: 144.9956, ," $1,262.46 ",2.19%
MSFT,3/19/2020 11:45,394,149.08,buy,currentHigh*0.97: 142.9877, , nan ,nan
MSFT,3/19/2020 12:45,394,147.34,sell,currentHigh*0.97: 142.9877, , $(685.56),-1.17%
MSFT,3/20/2020 6:30,398,146,buy,currentHigh*0.97: 139.1271, , nan ,nan
MSFT,3/20/2020 8:15,398,145.86,sell,currentHigh*0.97: 142.4736, , $(55.72),-0.10%
MSFT,3/20/2020 10:15,405,143.45,buy,currentHigh*0.97: 138.4966, , nan ,nan
MSFT,3/20/2020 11:15,405,142.11,sell,currentHigh*0.97: 138.4966, , $(542.70),-0.93%
MSFT,3/20/2020 12:30,410,140.4,buy,currentHigh*0.97: 134.82999999999998, , nan ,nan
MSFT,3/20/2020 12:45,410,139,sell,currentHigh*0.97: 134.82999999999998, , $(574.00),-1.00%
MSFT,3/23/2020 7:00,410,138.96,buy,currentHigh*0.97: 135.8776, , nan ,nan
MSFT,3/23/2020 7:15,410,140.12,sell,currentHigh*0.97: 135.8776, , $475.60 ,0.83%
MSFT,3/23/2020 9:00,426,134.71,buy,currentHigh*0.97: 131.435, , nan ,nan
MSFT,3/23/2020 10:15,426,139.49,sell,currentHigh*0.97: 135.315, ," $2,036.28 ",3.55%
MSFT,3/24/2020 6:30,413,143.9,buy,currentHigh*0.97: 138.3317, , nan ,nan
MSFT,3/24/2020 9:45,413,148.35,sell,currentHigh*0.97: 143.8995, ," $1,837.85 ",3.09%
MSFT,3/24/2020 11:45,420,146,buy,currentHigh*0.97: 142.881, , nan ,nan
MSFT,3/25/2020 6:45,420,150.2,sell,currentHigh*0.97: 145.7134, ," $1,764.00 ",2.88%
MSFT,3/25/2020 7:45,429,147,buy,currentHigh*0.97: 143.9674, , nan ,nan
MSFT,3/25/2020 12:30,429,152.03,sell,currentHigh*0.97: 148.74949999999998, ," $2,157.87 ",3.42%
MSFT,3/26/2020 6:30,439,148.42,buy,currentHigh*0.97: 146.20809999999997, , nan ,nan
MSFT,3/26/2020 8:00,439,153.14,sell,currentHigh*0.97: 148.80769999999998, ," $2,072.08 ",3.18%
MSFT,3/27/2020 8:15,442,152.17,buy,currentHigh*0.97: 147.6728, , nan ,nan
MSFT,3/27/2020 12:30,442,154.13,sell,currentHigh*0.97: 149.5061, , $866.32 ,1.29%
MSFT,3/30/2020 6:30,447,152.42,buy,currentHigh*0.97: 149.7971, , nan ,nan
MSFT,3/31/2020 6:45,447,159.06,sell,currentHigh*0.97: 155.5977, ," $2,968.08 ",4.36%
MSFT,3/31/2020 7:15,438,162.48,buy,currentHigh*0.97: 157.9742, , nan ,nan
MSFT,3/31/2020 8:45,438,162.27,sell,currentHigh*0.97: 158.9054, , $(91.98),-0.13%
MSFT,4/1/2020 6:45,458,155.08,buy,currentHigh*0.97: 150.2918, , nan ,nan
MSFT,4/1/2020 8:30,458,155.95,sell,currentHigh*0.97: 152.6489, , $398.46 ,0.56%
MSFT,4/2/2020 7:15,467,152.76,buy,currentHigh*0.97: 147.7601, , nan ,nan
MSFT,4/2/2020 10:00,467,154.28,sell,currentHigh*0.97: 150.54399999999998, , $709.84 ,1.00%
MSFT,4/2/2020 12:45,468,154.07,buy,currentHigh*0.97: 150.60219999999998, , nan ,nan
MSFT,4/3/2020 8:15,468,155.73,sell,currentHigh*0.97: 152.193, , $776.88 ,1.08%
MSFT,4/6/2020 6:30,455,160.28,buy,currentHigh*0.97: 154.1427, , nan ,nan
MSFT,4/7/2020 7:00,455,167.71,sell,currentHigh*0.97: 162.9503, ," $3,380.65 ",4.64%
MSFT,4/7/2020 8:45,457,166.97,buy,currentHigh*0.97: 161.1461, , nan ,nan
MSFT,4/7/2020 11:00,457,166.44,sell,currentHigh*0.97: 162.76600000000002, , $(242.21),-0.32%
MSFT,4/8/2020 8:45,458,165.93,buy,currentHigh*0.97: 160.3604, , nan ,nan
MSFT,4/9/2020 7:00,458,166.48,sell,currentHigh*0.97: 162.1743, , $251.90 ,0.33%
MSFT,4/13/2020 12:45,463,164.88,buy,currentHigh*0.97: 160.54469999999998, , nan ,nan
MSFT,4/15/2020 6:30,463,170.89,sell,currentHigh*0.97: 168.4987, ," $2,782.63 ",3.65%
MSFT,4/15/2020 7:45,460,171.81,buy,currentHigh*0.97: 167.8973, , nan ,nan
MSFT,4/16/2020 9:15,460,175.36,sell,currentHigh*0.97: 171.17589999999998, ," $1,633.00 ",2.07%
MSFT,4/16/2020 12:30,459,175.86,buy,currentHigh*0.97: 170.72, , nan ,nan
MSFT,4/17/2020 8:15,459,178.13,sell,currentHigh*0.97: 173.61059999999998, ," $1,041.93 ",1.29%
MSFT,4/21/2020 10:30,483,169.2,buy,currentHigh*0.97: 164.9582, , nan ,nan
MSFT,4/21/2020 11:30,483,170.57,sell,currentHigh*0.97: 165.73420000000002, , $661.71 ,0.81%
MSFT,4/22/2020 6:30,481,171.4,buy,currentHigh*0.97: 166.2289, , nan ,nan
MSFT,4/23/2020 9:30,481,174.19,sell,currentHigh*0.97: 169.6142, ," $1,341.99 ",1.63%
MSFT,4/24/2020 9:45,483,173.47,buy,currentHigh*0.97: 168.2465, , nan ,nan
MSFT,4/27/2020 9:45,483,174.33,sell,currentHigh*0.97: 170.7491, , $415.38 ,0.50%
MSFT,4/29/2020 6:30,486,173.22,buy,currentHigh*0.97: 167.91670000000002, , nan ,nan
MSFT,4/30/2020 8:45,486,178.65,sell,currentHigh*0.97: 174.018, ," $2,638.98 ",3.13%
MSFT,5/4/2020 7:15,491,176.69,buy,currentHigh*0.97: 171.4087, , nan ,nan
MSFT,5/5/2020 12:15,491,183.44,sell,currentHigh*0.97: 178.09199999999998, ," $3,314.25 ",3.82%
MSFT,5/6/2020 6:45,492,182.99,buy,currentHigh*0.97: 177.1996, , nan ,nan
MSFT,5/12/2020 11:00,492,186.15,sell,currentHigh*0.97: 181.7101, ," $1,554.72 ",1.73%
MSFT,5/13/2020 7:30,500,183.34,buy,currentHigh*0.97: 178.17929999999998, , nan ,nan
MSFT,5/13/2020 8:15,500,182.7,sell,currentHigh*0.97: 178.17929999999998, , $(320.00),-0.35%
MSFT,5/13/2020 10:00,509,179.55,buy,currentHigh*0.97: 173.2517, , nan ,nan
MSFT,5/14/2020 6:45,509,178.34,sell,currentHigh*0.97: 174.3478, , $(615.89),-0.67%
MSFT,5/14/2020 12:15,508,178.52,buy,currentHigh*0.97: 173.727, , nan ,nan
MSFT,5/15/2020 7:15,508,179.59,sell,currentHigh*0.97: 175.0462, , $543.56 ,0.60%
MSFT,5/15/2020 9:30,507,179.88,buy,currentHigh*0.97: 174.5709, , nan ,nan
MSFT,5/19/2020 12:45,507,184.93,sell,currentHigh*0.97: 180.88559999999998, ," $2,560.35 ",2.81%
MSFT,5/21/2020 6:45,503,186.57,buy,currentHigh*0.97: 180.31329999999997, , nan ,nan
MSFT,5/21/2020 11:30,503,184.41,sell,currentHigh*0.97: 180.31329999999997, ," $(1,086.48)",-1.16%
MSFT,5/26/2020 6:30,498,186.34,buy,currentHigh*0.97: 179.6634, , nan ,nan
MSFT,5/26/2020 8:00,498,183.74,sell,currentHigh*0.97: 179.6634, ," $(1,294.80)",-1.40%
MSFT,5/27/2020 9:45,509,179.47,buy,currentHigh*0.97: 174.4157, , nan ,nan
MSFT,5/28/2020 12:45,509,182.28,sell,currentHigh*0.97: 178.5285, ," $1,430.29 ",1.57%
MSFT,5/29/2020 11:30,507,183.28,buy,currentHigh*0.97: 177.2578, , nan ,nan
MSFT,6/1/2020 6:30,507,182.36,sell,currentHigh*0.97: 178.61579999999998, , $(466.44),-0.50%
MSFT,6/2/2020 6:30,502,184.21,buy,currentHigh*0.97: 177.5294, , nan ,nan
MSFT,6/4/2020 9:00,502,183.82,sell,currentHigh*0.97: 179.7798, , $(195.78),-0.21%
MSFT,6/5/2020 6:45,499,184.77,buy,currentHigh*0.97: 179.4888, , nan ,nan
MSFT,6/8/2020 6:45,499,185.64,sell,currentHigh*0.97: 181.8653, , $434.13 ,0.47%
MSFT,6/8/2020 10:45,494,187.6,buy,currentHigh*0.97: 182.1272, , nan ,nan
MSFT,6/11/2020 6:30,494,193.26,sell,currentHigh*0.97: 192.4092, ," $2,796.04 ",3.02%
MSFT,6/11/2020 7:00,490,194.94,buy,currentHigh*0.97: 189.7417, , nan ,nan
MSFT,6/11/2020 7:45,490,194.72,sell,currentHigh*0.97: 189.7417, , $(107.80),-0.11%
MSFT,6/12/2020 6:30,500,190.49,buy,currentHigh*0.97: 185.8132, , nan ,nan
MSFT,6/12/2020 7:45,500,189.96,sell,currentHigh*0.97: 185.8132, , $(265.00),-0.28%
MSFT,6/12/2020 9:00,501,189.84,buy,currentHigh*0.97: 183.70829999999998, , nan ,nan
MSFT,6/12/2020 10:15,501,187.72,sell,currentHigh*0.97: 183.70829999999998, ," $(1,062.12)",-1.12%
MSFT,6/15/2020 7:00,502,187.13,buy,currentHigh*0.97: 181.6616, , nan ,nan
MSFT,6/16/2020 7:45,502,194.28,sell,currentHigh*0.97: 189.1888, ," $3,589.30 ",3.82%
MSFT,6/17/2020 6:30,500,195.09,buy,currentHigh*0.97: 189.6253, , nan ,nan
MSFT,6/17/2020 12:45,500,194.33,sell,currentHigh*0.97: 190.3722, , $(380.00),-0.39%
MSFT,6/19/2020 6:30,490,198.29,buy,currentHigh*0.97: 192.69050000000001, , nan ,nan
MSFT,6/19/2020 9:00,490,197.02,sell,currentHigh*0.97: 193.03969999999998, , $(622.30),-0.64%
MSFT,6/22/2020 7:15,488,198,buy,currentHigh*0.97: 191.5362, , nan ,nan
MSFT,6/24/2020 6:45,488,202.48,sell,currentHigh*0.97: 197.492, ," $2,186.24 ",2.26%
MSFT,6/25/2020 9:30,498,198.46,buy,currentHigh*0.97: 192.5547, , nan ,nan
MSFT,6/26/2020 6:30,498,199.76,sell,currentHigh*0.97: 194.3492, , $647.40 ,0.66%
MSFT,6/26/2020 8:45,502,197.97,buy,currentHigh*0.97: 192.6517, , nan ,nan
MSFT,6/26/2020 12:45,502,197.6,sell,currentHigh*0.97: 192.6517, , $(185.74),-0.19%
MSFT,6/29/2020 8:30,503,197.3,buy,currentHigh*0.97: 191.52649999999997, , nan ,nan
MSFT,7/7/2020 10:00,503,212.96,sell,currentHigh*0.97: 207.9777, ," $7,876.98 ",7.94%
MSFT,7/8/2020 6:45,506,211.7,buy,currentHigh*0.97: 206.0862, , nan ,nan
MSFT,7/8/2020 8:15,506,210.47,sell,currentHigh*0.97: 206.0862, , $(622.38),-0.58%
MSFT,7/8/2020 12:00,501,212.45,buy,currentHigh*0.97: 206.7167, , nan ,nan
MSFT,7/9/2020 7:30,501,214.46,sell,currentHigh*0.97: 209.1514, ," $1,007.01 ",0.95%
MSFT,7/13/2020 6:30,501,214.47,buy,currentHigh*0.97: 208.3075, , nan ,nan
MSFT,7/13/2020 11:00,501,214.01,sell,currentHigh*0.97: 208.9768, , $(230.46),-0.21%
MSFT,7/14/2020 6:45,516,208.02,buy,currentHigh*0.97: 197.88, , nan ,nan
MSFT,7/15/2020 8:00,516,209.24,sell,currentHigh*0.97: 204.961, , $629.52 ,0.59%
MSFT,7/20/2020 6:30,526,205,buy,currentHigh*0.97: 197.6763, , nan ,nan
MSFT,7/21/2020 8:30,526,210.4,sell,currentHigh*0.97: 205.5139, ," $2,840.40 ",2.63%
MSFT,7/21/2020 11:15,523,211.61,buy,currentHigh*0.97: 204.95129999999997, , nan ,nan
MSFT,7/21/2020 12:45,523,209.24,sell,currentHigh*0.97: 204.95129999999997, ," $(1,239.51)",-1.12%
MSFT,7/22/2020 9:15,518,211.53,buy,currentHigh*0.97: 204.8155, , nan ,nan
MSFT,7/23/2020 7:00,518,209.63,sell,currentHigh*0.97: 205.3975, , $(984.20),-0.90%
MSFT,7/24/2020 7:30,539,201.42,buy,currentHigh*0.97: 194.4656, , nan ,nan
MSFT,7/24/2020 10:00,539,201.01,sell,currentHigh*0.97: 196.6384, , $(220.99),-0.20%
MSFT,7/27/2020 11:30,532,203.38,buy,currentHigh*0.97: 196.95850000000002, , nan ,nan
MSFT,7/28/2020 12:45,532,202.48,sell,currentHigh*0.97: 198.30679999999998, , $(478.80),-0.44%
MSFT,7/30/2020 8:45,532,202.58,buy,currentHigh*0.97: 196.7936, , nan ,nan
MSFT,7/31/2020 6:45,532,202.41,sell,currentHigh*0.97: 198.1807, , $(90.44),-0.08%
MSFT,7/31/2020 12:00,532,202.59,buy,currentHigh*0.97: 197.7248, , nan ,nan
MSFT,8/3/2020 7:00,532,212.97,sell,currentHigh*0.97: 208.5306, ," $5,522.16 ",5.12%
MSFT,8/3/2020 11:00,527,214.98,buy,currentHigh*0.97: 209.17079999999999, , nan ,nan
MSFT,8/4/2020 6:30,527,214.24,sell,currentHigh*0.97: 210.34449999999998, , $(389.98),-0.34%
MSFT,8/5/2020 6:30,525,214.89,buy,currentHigh*0.97: 206.28019999999998, , nan ,nan
MSFT,8/7/2020 8:15,525,214.93,sell,currentHigh*0.97: 209.8595, , $21.00 ,0.02%
MSFT,8/11/2020 9:30,545,207.14,buy,currentHigh*0.97: 201.275, , nan ,nan
MSFT,8/11/2020 12:15,545,205.55,sell,currentHigh*0.97: 201.275, , $(866.55),-0.77%
MSFT,8/12/2020 7:00,541,207.13,buy,currentHigh*0.97: 200.9161, , nan ,nan
MSFT,8/13/2020 11:00,541,209.84,sell,currentHigh*0.97: 204.7864, ," $1,466.11 ",1.31%
MSFT,8/18/2020 6:45,537,211.44,buy,currentHigh*0.97: 204.3014, , nan ,nan
MSFT,8/19/2020 12:45,537,210.38,sell,currentHigh*0.97: 205.6885, , $(569.22),-0.50%
MSFT,8/20/2020 9:15,532,212.2,buy,currentHigh*0.97: 205.4848, , nan ,nan
MSFT,8/21/2020 8:45,532,213.89,sell,currentHigh*0.97: 209.4521, , $899.08 ,0.80%
MSFT,8/25/2020 7:45,527,215.78,buy,currentHigh*0.97: 209.34539999999998, , nan ,nan
MSFT,8/26/2020 10:00,527,220.09,sell,currentHigh*0.97: 215.3691, ," $2,271.37 ",2.00%
MSFT,8/27/2020 6:30,520,223.05,buy,currentHigh*0.97: 215.7862, , nan ,nan
MSFT,8/27/2020 9:15,520,228.45,sell,currentHigh*0.97: 223.19699999999997, ," $2,808.00 ",2.42%
MSFT,8/27/2020 11:15,521,228.2,buy,currentHigh*0.97: 221.6062, , nan ,nan
MSFT,8/28/2020 10:00,521,228.51,sell,currentHigh*0.97: 223.02239999999998, , $161.51 ,0.14%
MSFT,9/2/2020 6:30,522,227.91,buy,currentHigh*0.97: 223.5365, , nan ,nan
MSFT,9/2/2020 8:45,522,229,sell,currentHigh*0.97: 224.3998, , $568.98 ,0.48%
MSFT,9/2/2020 10:30,515,232.36,buy,currentHigh*0.97: 225.40859999999998, , nan ,nan
MSFT,9/3/2020 6:30,515,229.27,sell,currentHigh*0.97: 225.65109999999999, ," $(1,591.35)",-1.33%
MSFT,9/4/2020 8:15,565,208.97,buy,currentHigh*0.97: 201.9152, , nan ,nan
MSFT,9/4/2020 12:30,565,217.76,sell,currentHigh*0.97: 211.22719999999998, ," $4,966.35 ",4.21%
MSFT,9/8/2020 7:15,588,209.19,buy,currentHigh*0.97: 202.7688, , nan ,nan
MSFT,9/8/2020 8:15,588,207.59,sell,currentHigh*0.97: 202.7688, , $(940.80),-0.76%
MSFT,9/9/2020 6:30,588,207.6,buy,currentHigh*0.97: 201.663, , nan ,nan
MSFT,9/9/2020 12:30,588,214.64,sell,currentHigh*0.97: 208.2105, ," $4,139.52 ",3.39%
MSFT,9/11/2020 6:30,608,207.4,buy,currentHigh*0.97: 199.9655, , nan ,nan
MSFT,9/11/2020 8:30,608,206.37,sell,currentHigh*0.97: 201.7309, , $(626.24),-0.50%
MSFT,9/11/2020 12:30,614,204.36,buy,currentHigh*0.97: 197.97699999999998, , nan ,nan
MSFT,9/14/2020 10:00,614,206.94,sell,currentHigh*0.97: 202.633, ," $1,584.12 ",1.26%
MSFT,9/15/2020 6:30,610,208.42,buy,currentHigh*0.97: 202.12859999999998, , nan ,nan
MSFT,9/15/2020 7:30,610,208.12,sell,currentHigh*0.97: 203.19559999999998, , $(183.00),-0.14%
MSFT,9/16/2020 6:30,603,210.61,buy,currentHigh*0.97: 202.3323, , nan ,nan
MSFT,9/16/2020 12:00,603,207.13,sell,currentHigh*0.97: 202.4778, ," $(2,098.44)",-1.65%
MSFT,9/17/2020 7:00,615,203.11,buy,currentHigh*0.97: 197.5114, , nan ,nan
MSFT,9/17/2020 8:45,615,202.19,sell,currentHigh*0.97: 197.7054, , $(565.80),-0.45%
MSFT,9/18/2020 12:15,623,199.49,buy,currentHigh*0.97: 194.2716, , nan ,nan
MSFT,9/21/2020 6:30,623,196.81,sell,currentHigh*0.97: 194.291, ," $(1,669.64)",-1.34%
MSFT,9/21/2020 9:30,613,199.96,buy,currentHigh*0.97: 193.8254, , nan ,nan
MSFT,9/23/2020 7:00,613,205.53,sell,currentHigh*0.97: 201.1974, ," $3,414.41 ",2.79%
MSFT,9/24/2020 7:00,623,202.42,buy,currentHigh*0.97: 197.7248, , nan ,nan
MSFT,9/24/2020 11:15,623,204.31,sell,currentHigh*0.97: 199.19920000000002, ," $1,177.47 ",0.93%
MSFT,9/25/2020 7:30,620,205.03,buy,currentHigh*0.97: 199.0634, , nan ,nan
MSFT,9/28/2020 7:30,620,209.72,sell,currentHigh*0.97: 204.8252, ," $2,907.80 ",2.29%
MSFT,9/30/2020 8:15,619,210.13,buy,currentHigh*0.97: 204.9319, , nan ,nan
MSFT,9/30/2020 12:15,619,210.01,sell,currentHigh*0.97: 205.446, , $(74.28),-0.06%
MSFT,10/1/2020 6:30,610,213.26,buy,currentHigh*0.97: 206.1444, , nan ,nan
MSFT,10/2/2020 6:30,610,208,sell,currentHigh*0.97: 206.9495, ," $(3,208.60)",-2.47%
MSFT,10/5/2020 7:15,607,209.05,buy,currentHigh*0.97: 202.40019999999998, , nan ,nan
MSFT,10/6/2020 8:15,607,208.53,sell,currentHigh*0.97: 204.0589, , $(315.64),-0.25%
MSFT,10/7/2020 7:00,609,207.9,buy,currentHigh*0.97: 200.71239999999997, , nan ,nan
MSFT,10/12/2020 12:45,609,221.86,sell,currentHigh*0.97: 217.1248, ," $8,501.64 ",6.71%
MSFT,10/13/2020 8:30,603,223.81,buy,currentHigh*0.97: 217.5322, , nan ,nan
MSFT,10/14/2020 7:15,603,222.65,sell,currentHigh*0.97: 218.0366, , $(699.48),-0.52%
MSFT,10/15/2020 11:15,612,219.3,buy,currentHigh*0.97: 212.6919, , nan ,nan
MSFT,10/16/2020 12:45,612,220.31,sell,currentHigh*0.97: 215.2818, , $618.12 ,0.46%
MSFT,10/20/2020 7:15,621,217.19,buy,currentHigh*0.97: 209.51999999999998, , nan ,nan
MSFT,10/20/2020 12:45,621,215.59,sell,currentHigh*0.97: 210.4124, , $(993.60),-0.74%
MSFT,10/21/2020 11:30,619,216.33,buy,currentHigh*0.97: 210.005, , nan ,nan
MSFT,10/22/2020 6:45,619,215.31,sell,currentHigh*0.97: 210.3639, , $(631.38),-0.47%
MSFT,10/22/2020 11:00,620,214.91,buy,currentHigh*0.97: 208.5306, , nan ,nan
MSFT,10/26/2020 7:45,620,214.16,sell,currentHigh*0.97: 209.7722, , $(465.00),-0.35%
MSFT,10/27/2020 6:30,628,211.62,buy,currentHigh*0.97: 205.5236, , nan ,nan
MSFT,10/28/2020 6:30,628,207.6,sell,currentHigh*0.97: 208.16199999999998, ," $(2,524.56)",-1.90%
MSFT,10/29/2020 7:30,635,205.22,buy,currentHigh*0.97: 198.7045, , nan ,nan
MSFT,10/29/2020 12:45,635,206.08,sell,currentHigh*0.97: 201.0228, , $546.10 ,0.42%
MSFT,11/2/2020 6:30,641,204.27,buy,currentHigh*0.97: 198.5784, , nan ,nan
MSFT,11/2/2020 8:00,641,203.07,sell,currentHigh*0.97: 198.5784, , $(769.20),-0.59%
MSFT,11/3/2020 6:30,639,203.7,buy,currentHigh*0.97: 197.7054, , nan ,nan
MSFT,11/3/2020 10:45,639,206.56,sell,currentHigh*0.97: 201.6436, ," $1,827.54 ",1.40%
MSFT,11/4/2020 6:30,616,214.02,buy,currentHigh*0.97: 207.2405, , nan ,nan
MSFT,11/6/2020 6:30,616,222.11,sell,currentHigh*0.97: 217.3285, ," $4,983.44 ",3.78%
MSFT,11/6/2020 8:15,617,221.71,buy,currentHigh*0.97: 215.8056, , nan ,nan
MSFT,11/9/2020 9:00,617,224.91,sell,currentHigh*0.97: 219.95719999999997, ," $1,974.40 ",1.44%
MSFT,11/11/2020 6:45,645,215.25,buy,currentHigh*0.97: 208.9089, , nan ,nan
MSFT,11/12/2020 8:30,645,217.32,sell,currentHigh*0.97: 212.1875, ," $1,335.15 ",0.96%
MSFT,11/16/2020 8:15,645,217.39,buy,currentHigh*0.97: 210.5385, , nan ,nan
MSFT,11/17/2020 11:45,645,215.63,sell,currentHigh*0.97: 210.7907, ," $(1,135.20)",-0.81%
MSFT,11/24/2020 8:15,657,211.64,buy,currentHigh*0.97: 205.7079, , nan ,nan
MSFT,11/30/2020 6:30,657,214.16,sell,currentHigh*0.97: 209.617, ," $1,655.64 ",1.19%
MSFT,12/1/2020 6:30,656,214.5,buy,currentHigh*0.97: 207.60909999999998, , nan ,nan
MSFT,12/2/2020 6:30,656,214.89,sell,currentHigh*0.97: 210.6743, , $255.84 ,0.18%
MSFT,12/3/2020 7:15,652,216.09,buy,currentHigh*0.97: 209.07379999999998, , nan ,nan
MSFT,12/4/2020 11:00,652,213.51,sell,currentHigh*0.97: 209.07379999999998, ," $(1,682.16)",-1.19%
MSFT,12/8/2020 9:30,644,216.27,buy,currentHigh*0.97: 209.6073, , nan ,nan
MSFT,12/9/2020 6:30,644,215.22,sell,currentHigh*0.97: 210.3833, , $(676.20),-0.49%
MSFT,12/11/2020 10:45,653,212.31,buy,currentHigh*0.97: 206.0668, , nan ,nan
MSFT,12/15/2020 6:30,653,215.17,sell,currentHigh*0.97: 209.6655, ," $1,867.58 ",1.35%
MSFT,12/16/2020 6:45,652,215.58,buy,currentHigh*0.97: 209.5006, , nan ,nan
MSFT,12/18/2020 7:00,652,218.17,sell,currentHigh*0.97: 213.5649, ," $1,688.68 ",1.20%
MSFT,12/21/2020 8:30,648,219.39,buy,currentHigh*0.97: 213.26420000000002, , nan ,nan
MSFT,12/23/2020 6:30,648,223.12,sell,currentHigh*0.97: 218.541, ," $2,417.04 ",1.70%
MSFT,12/28/2020 6:30,644,224.45,buy,currentHigh*0.97: 216.9405, , nan ,nan
MSFT,12/29/2020 9:30,644,224.59,sell,currentHigh*0.97: 219.95719999999997, , $90.16 ,0.06%
MSFT,1/5/2021 6:45,663,218.1,buy,currentHigh*0.97: 211.2078, , nan ,nan
MSFT,1/6/2021 6:30,663,212.18,sell,currentHigh*0.97: 211.4697, ," $(3,924.96)",-2.71%
MSFT,1/6/2021 7:45,653,215.64,buy,currentHigh*0.97: 208.6761, , nan ,nan
MSFT,1/6/2021 12:15,653,214.09,sell,currentHigh*0.97: 209.5879, ," $(1,012.15)",-0.72%
MSFT,1/7/2021 6:45,646,216.24,buy,currentHigh*0.97: 210.40269999999998, , nan ,nan
MSFT,1/8/2021 8:30,646,218.03,sell,currentHigh*0.97: 213.55519999999999, ," $1,156.34 ",0.83%
MSFT,1/13/2021 12:45,650,216.69,buy,currentHigh*0.97: 209.9177, , nan ,nan
MSFT,1/14/2021 9:30,650,214.51,sell,currentHigh*0.97: 209.9177, ," $(1,417.00)",-1.01%
MSFT,1/19/2021 10:15,648,215.36,buy,currentHigh*0.97: 208.8701, , nan ,nan
MSFT,1/21/2021 6:30,648,224.76,sell,currentHigh*0.97: 218.70589999999999, ," $6,091.20 ",4.36%
MSFT,1/21/2021 9:45,645,225.77,buy,currentHigh*0.97: 219.4237, , nan ,nan
MSFT,1/22/2021 10:30,645,227.47,sell,currentHigh*0.97: 222.8575, ," $1,096.50 ",0.75%
MSFT,1/25/2021 6:30,640,229.19,buy,currentHigh*0.97: 221.28609999999998, , nan ,nan
MSFT,1/25/2021 7:45,640,228.47,sell,currentHigh*0.97: 221.7129, , $(460.80),-0.31%
MSFT,1/25/2021 10:00,642,227.6,buy,currentHigh*0.97: 221.1891, , nan ,nan
MSFT,1/27/2021 8:15,642,238.76,sell,currentHigh*0.97: 232.8388, ," $7,164.72 ",4.90%
MSFT,1/28/2021 6:30,651,235.57,buy,currentHigh*0.97: 229.94819999999999, , nan ,nan
MSFT,1/28/2021 12:15,651,240.8,sell,currentHigh*0.97: 235.1862, ," $3,404.73 ",2.22%
MSFT,1/29/2021 7:30,659,237.79,buy,currentHigh*0.97: 228.9491, , nan ,nan
MSFT,1/29/2021 8:15,659,235.09,sell,currentHigh*0.97: 230.0355, ," $(1,779.30)",-1.14%
MSFT,2/1/2021 6:30,659,235.09,buy,currentHigh*0.97: 227.0576, , nan ,nan
MSFT,2/1/2021 12:45,659,240.16,sell,currentHigh*0.97: 235.1959, ," $3,341.13 ",2.16%
MSFT,2/3/2021 7:00,653,242.56,buy,currentHigh*0.97: 234.2841, , nan ,nan
MSFT,2/4/2021 6:30,653,242.75,sell,currentHigh*0.97: 237.3687, , $124.07 ,0.08%
MSFT,2/9/2021 7:15,648,244.71,buy,currentHigh*0.97: 236.6897, , nan ,nan
MSFT,2/10/2021 7:30,648,242.56,sell,currentHigh*0.97: 237.5724, ," $(1,393.20)",-0.88%
MSFT,2/11/2021 6:30,642,244.52,buy,currentHigh*0.97: 236.53449999999998, , nan ,nan
MSFT,2/17/2021 6:30,642,241.32,sell,currentHigh*0.97: 237.7082, ," $(2,054.40)",-1.31%
MSFT,2/23/2021 7:30,666,232.73,buy,currentHigh*0.97: 225.38920000000002, , nan ,nan
MSFT,2/23/2021 9:30,666,232.29,sell,currentHigh*0.97: 225.99059999999997, , $(293.04),-0.19%
MSFT,2/23/2021 12:15,662,233.86,buy,currentHigh*0.97: 227.6881, , nan ,nan
MSFT,2/24/2021 6:30,662,230.01,sell,currentHigh*0.97: 227.6881, ," $(2,548.70)",-1.65%
MSFT,2/24/2021 9:45,654,232.77,buy,currentHigh*0.97: 226.0294, , nan ,nan
MSFT,2/25/2021 7:30,654,232.83,sell,currentHigh*0.97: 227.7269, , $39.24 ,0.03%
MSFT,2/25/2021 11:30,656,232.05,buy,currentHigh*0.97: 224.02149999999997, , nan ,nan
MSFT,2/26/2021 12:45,656,234.11,sell,currentHigh*0.97: 227.9791, ," $1,351.36 ",0.89%
MSFT,3/1/2021 6:30,651,235.9,buy,currentHigh*0.97: 227.17399999999998, , nan ,nan
MSFT,3/2/2021 6:45,651,235.19,sell,currentHigh*0.97: 230.14219999999997, , $(462.21),-0.30%
MSFT,3/4/2021 7:45,666,229.89,buy,currentHigh*0.97: 223.9245, , nan ,nan
MSFT,3/4/2021 9:15,666,230.12,sell,currentHigh*0.97: 224.846, , $153.18 ,0.10%
MSFT,3/5/2021 6:30,668,229.57,buy,currentHigh*0.97: 221.7905, , nan ,nan
MSFT,3/8/2021 6:30,668,231.42,sell,currentHigh*0.97: 226.0294, ," $1,235.80 ",0.81%
MSFT,3/9/2021 6:30,663,232.88,buy,currentHigh*0.97: 225.4862, , nan ,nan
MSFT,3/10/2021 10:15,663,234.4,sell,currentHigh*0.97: 229.0364, ," $1,007.76 ",0.65%
MSFT,3/11/2021 7:15,660,235.55,buy,currentHigh*0.97: 228.6678, , nan ,nan
MSFT,3/12/2021 6:30,660,234.07,sell,currentHigh*0.97: 231.72329999999997, , $(976.80),-0.63%
MSFT,3/16/2021 6:30,654,236.3,buy,currentHigh*0.97: 229.9288, , nan ,nan
MSFT,3/16/2021 11:15,654,237.96,sell,currentHigh*0.97: 232.5769, ," $1,085.64 ",0.70%
MSFT,3/17/2021 11:45,655,237.74,buy,currentHigh*0.97: 230.8018, , nan ,nan
MSFT,3/18/2021 6:30,655,232.35,sell,currentHigh*0.97: 230.8018, ," $(3,530.45)",-2.27%
MSFT,3/22/2021 7:00,651,233.62,buy,currentHigh*0.97: 226.9897, , nan ,nan
MSFT,3/23/2021 12:15,651,238.67,sell,currentHigh*0.97: 233.4887, ," $3,287.55 ",2.16%
MSFT,3/26/2021 10:15,661,235.23,buy,currentHigh*0.97: 228.2992, , nan ,nan
MSFT,3/29/2021 6:45,661,234.68,sell,currentHigh*0.97: 229.38559999999998, , $(363.55),-0.23%
MSFT,3/31/2021 7:15,661,234.65,buy,currentHigh*0.97: 227.7754, , nan ,nan
MSFT,3/31/2021 12:45,661,236.9,sell,currentHigh*0.97: 231.0152, ," $1,487.25 ",0.96%
MSFT,4/1/2021 6:45,653,239.76,buy,currentHigh*0.97: 234.17739999999998, , nan ,nan
MSFT,4/14/2021 10:45,653,256.46,sell,currentHigh*0.97: 251.13299999999998, ," $10,905.10 ",6.97%
MSFT,4/15/2021 6:45,646,259.16,buy,currentHigh*0.97: 250.77409999999998, , nan ,nan
MSFT,4/20/2021 8:15,646,258.15,sell,currentHigh*0.97: 252.94689999999997, , $(652.46),-0.39%
MSFT,4/22/2021 6:45,638,261.23,buy,currentHigh*0.97: 252.4425, , nan ,nan
MSFT,4/22/2021 10:15,638,259.53,sell,currentHigh*0.97: 253.5774, ," $(1,084.60)",-0.65%
MSFT,4/23/2021 8:00,638,259.82,buy,currentHigh*0.97: 252.2, , nan ,nan
MSFT,4/28/2021 6:30,638,256.08,sell,currentHigh*0.97: 255.0324, ," $(2,386.12)",-1.44%
MSFT,4/30/2021 7:30,646,252.8,buy,currentHigh*0.97: 244.7116, , nan ,nan
MSFT,5/3/2021 10:15,646,252.13,sell,currentHigh*0.97: 246.2151, , $(432.82),-0.27%
MSFT,5/6/2021 12:45,655,248.45,buy,currentHigh*0.97: 242.23809999999997, , nan ,nan
MSFT,5/10/2021 6:30,655,250.87,sell,currentHigh*0.97: 246.6128, ," $1,585.10 ",0.97%
MSFT,5/11/2021 8:30,667,246.39,buy,currentHigh*0.97: 238.32899999999998, , nan ,nan
MSFT,5/12/2021 6:30,667,242.15,sell,currentHigh*0.97: 238.8431, ," $(2,828.08)",-1.72%
MSFT,5/13/2021 6:30,668,241.86,buy,currentHigh*0.97: 235.3317, , nan ,nan
MSFT,5/13/2021 8:30,668,243.72,sell,currentHigh*0.97: 237.8246, ," $1,242.48 ",0.77%
MSFT,5/14/2021 6:30,663,245.54,buy,currentHigh*0.97: 239.42510000000001, , nan ,nan
MSFT,5/17/2021 6:30,663,246.6,sell,currentHigh*0.97: 241.53, , $702.78 ,0.43%
MSFT,5/19/2021 10:15,675,242.46,buy,currentHigh*0.97: 235.0504, , nan ,nan
MSFT,5/27/2021 12:45,675,250.03,sell,currentHigh*0.97: 244.36239999999998, ," $5,109.75 ",3.12%
MSFT,6/4/2021 6:30,681,247.77,buy,currentHigh*0.97: 241.5785, , nan ,nan
MSFT,6/8/2021 8:45,681,253.55,sell,currentHigh*0.97: 248.0096, ," $3,936.18 ",2.33%
MSFT,6/10/2021 8:45,673,256.45,buy,currentHigh*0.97: 249.07659999999996, , nan ,nan
MSFT,6/16/2021 11:00,673,258.52,sell,currentHigh*0.97: 252.75289999999998, ," $1,393.11 ",0.81%
MSFT,6/17/2021 7:30,673,258.43,buy,currentHigh*0.97: 251.31729999999996, , nan ,nan
MSFT,6/25/2021 9:45,673,265.26,sell,currentHigh*0.97: 259.7854, ," $4,596.59 ",2.64%
MSFT,6/29/2021 6:30,664,268.88,buy,currentHigh*0.97: 261.14340000000004, , nan ,nan
MSFT,7/6/2021 9:30,664,276.5,sell,currentHigh*0.97: 270.8725, ," $5,059.68 ",2.83%
MSFT,7/7/2021 6:30,657,279.4,buy,currentHigh*0.97: 270.8628, , nan ,nan
MSFT,7/8/2021 6:30,657,276.82,sell,currentHigh*0.97: 272.0656, ," $(1,695.06)",-0.92%
MSFT,7/13/2021 6:45,652,279.09,buy,currentHigh*0.97: 272.0462, , nan ,nan
MSFT,7/15/2021 9:00,652,280.75,sell,currentHigh*0.97: 274.71369999999996, ," $1,082.32 ",0.59%
MSFT,7/20/2021 8:45,657,278.57,buy,currentHigh*0.97: 270.3972, , nan ,nan
MSFT,7/26/2021 7:15,657,287.34,sell,currentHigh*0.97: 281.0381, ," $5,761.89 ",3.15%
MSFT,7/28/2021 6:30,653,288.99,buy,currentHigh*0.97: 277.2066, , nan ,nan
MSFT,7/28/2021 9:30,653,287.11,sell,currentHigh*0.97: 280.7471, ," $(1,227.64)",-0.65%
MSFT,8/5/2021 7:15,651,288,buy,currentHigh*0.97: 279.554, , nan ,nan
MSFT,8/10/2021 7:30,651,287.99,sell,currentHigh*0.97: 280.8635, , $(6.51),0.00%
MSFT,8/12/2021 8:00,648,289.5,buy,currentHigh*0.97: 280.4658, , nan ,nan
MSFT,8/16/2021 7:15,648,291.83,sell,currentHigh*0.97: 285.2867, ," $1,509.84 ",0.80%
MSFT,8/19/2021 8:15,645,293.18,buy,currentHigh*0.97: 284.61740000000003, , nan ,nan
